DATE,close
1/1/1992,350.9
2/1/1992,356.4
3/1/1992,350.45
4/1/1992,344
5/1/1992,337.5
6/1/1992,336.85
7/1/1992,343.55
8/1/1992,354.05
9/1/1992,341.7
10/1/1992,348.55
11/1/1992,339.5
12/1/1992,334.65
1/1/1993,328.25
2/1/1993,329.75
3/1/1993,328.5
4/1/1993,336.35
5/1/1993,356.15
6/1/1993,377.35
7/1/1993,379
8/1/1993,405.6
9/1/1993,369.05
10/1/1993,354
11/1/1993,363.25
12/1/1993,373.1
1/1/1994,394.1
2/1/1994,381.65
3/1/1994,381.3
4/1/1994,384.75
5/1/1994,375.1
6/1/1994,386.3
7/1/1994,384.6
8/1/1994,383.85
9/1/1994,386
10/1/1994,393.15
11/1/1994,384.5
12/1/1994,380.1
1/1/1995,380.9
2/1/1995,376.25
3/1/1995,375.7
4/1/1995,392.3
5/1/1995,387.2
6/1/1995,383.5
7/1/1995,384.5
8/1/1995,382.85
9/1/1995,381.5
10/1/1995,383.25
11/1/1995,381.95
12/1/1995,386.2
1/1/1996,389.15
2/1/1996,409.1
3/1/1996,398.35
4/1/1996,394.2
5/1/1996,392.3
6/1/1996,390.7
7/1/1996,381.55
8/1/1996,386.25
9/1/1996,386.55
10/1/1996,378.65
11/1/1996,377.6
12/1/1996,370.75
1/1/1997,366.55
2/1/1997,344.3
3/1/1997,362.15
4/1/1997,350
5/1/1997,339.25
6/1/1997,343.9
7/1/1997,333.7
8/1/1997,324.1
9/1/1997,324.5
10/1/1997,337.15
11/1/1997,313.8
12/1/1997,294.35
1/1/1998,288
2/1/1998,301.5
3/1/1998,298.35
4/1/1998,301
5/1/1998,306.9
6/1/1998,288.75
7/1/1998,296.8
8/1/1998,286.15
9/1/1998,279
10/1/1998,297.6
11/1/1998,292.7
12/1/1998,293.3
1/1/1999,287.15
2/1/1999,286.9
3/1/1999,286.7
4/1/1999,280.55
5/1/1999,285.3
6/1/1999,266.85
7/1/1999,262.6
8/1/1999,255.35
9/1/1999,254.7
10/1/1999,307.5
11/1/1999,291.35
12/1/1999,289.15
1/1/2000,281.5
2/1/2000,283
3/1/2000,292.9
4/1/2000,277.5
5/1/2000,275.45
6/1/2000,272.5
7/1/2000,287.65
8/1/2000,277.6
9/1/2000,277
10/1/2000,273.1
11/1/2000,265.5
12/1/2000,269.2
1/1/2001,271.1
2/1/2001,267.65
3/1/2001,266.35
4/1/2001,255.95
5/1/2001,264
6/1/2001,265.4
7/1/2001,268.35
8/1/2001,267.35
9/1/2001,273.35
10/1/2001,290.6
11/1/2001,280.6
12/1/2001,276.35
1/1/2002,278.35
2/1/2002,283.9
3/1/2002,295.4
4/1/2002,304
5/1/2002,308.35
6/1/2002,322
7/1/2002,312.1
8/1/2002,302.25
9/1/2002,312
10/1/2002,321.75
11/1/2002,319.85
12/1/2002,316.45
1/1/2003,343.8
2/1/2003,369.5
3/1/2003,345.5
4/1/2003,334.35
5/1/2003,341.2
6/1/2003,364.75
7/1/2003,350.2
8/1/2003,352.35
9/1/2003,376.25
10/1/2003,383.5
11/1/2003,383.25
12/1/2003,400.25
1/1/2004,415.25
2/1/2004,398.35
3/1/2004,400
4/1/2004,427.25
5/1/2004,391.25
6/1/2004,397.2
7/1/2004,394.8
8/1/2004,391.5
9/1/2004,407.65
10/1/2004,418.1
11/1/2004,428.85
12/1/2004,452.85
1/1/2005,427.75
2/1/2005,420.9
3/1/2005,433.45
4/1/2005,427.15
5/1/2005,427.9
6/1/2005,415.35
7/1/2005,432.6
8/1/2005,431.65
9/1/2005,439.6
10/1/2005,466.1
11/1/2005,459.5
12/1/2005,499.75
1/1/2006,530
2/1/2006,568.25
3/1/2006,564.25
4/1/2006,587
5/1/2006,661
6/1/2006,625
7/1/2006,622.95
8/1/2006,637.25
9/1/2006,621.05
10/1/2006,600.6
11/1/2006,614.1
12/1/2006,648.75
1/1/2007,639.75
2/1/2007,660.2
3/1/2007,670.4
4/1/2007,658.25
5/1/2007,673.6
6/1/2007,666.5
7/1/2007,654.75
8/1/2007,665.75
9/1/2007,672
10/1/2007,742.5
11/1/2007,790.25
12/1/2007,784.25
1/1/2008,846.75
2/1/2008,914.75
3/1/2008,988.5
4/1/2008,887.75
5/1/2008,853
6/1/2008,888.25
7/1/2008,937.5
8/1/2008,912.5
9/1/2008,822.25
10/1/2008,880
11/1/2008,729.5
12/1/2008,778
1/1/2009,874.5
2/1/2009,918.25
3/1/2009,937.25
4/1/2009,924.5
5/1/2009,884.5
6/1/2009,981.75
7/1/2009,938.25
8/1/2009,959.75
9/1/2009,955
10/1/2009,1004.75
11/1/2009,1062
12/1/2009,1192.5
1/1/2010,1121.5
2/1/2010,1086.5
3/1/2010,1114
4/1/2010,1123.5
5/1/2010,1185
6/1/2010,1227.75
7/1/2010,1234
8/1/2010,1188.5
9/1/2010,1246.5
10/1/2010,1316.25
11/1/2010,1354.5
12/1/2010,1385.5
1/1/2011,1388.5
2/1/2011,1331.5
3/1/2011,1420.75
4/1/2011,1418
5/1/2011,1540.25
6/1/2011,1533.75
7/1/2011,1483
8/1/2011,1623
9/1/2011,1821
10/1/2011,1655.5
11/1/2011,1699
12/1/2011,1752
1/1/2012,1598
2/1/2012,1740
3/1/2012,1714
4/1/2012,1677.5
5/1/2012,1664
6/1/2012,1606
7/1/2012,1592
8/1/2012,1599
9/1/2012,1691.5
10/1/2012,1787
11/1/2012,1716.25
12/1/2012,1720
1/1/2013,1693.75
2/1/2013,1669
3/1/2013,1582.25
4/1/2013,1583.5
5/1/2013,1454.75
6/1/2013,1402.5
7/1/2013,1242.75
8/1/2013,1315
9/1/2013,1392.25
10/1/2013,1290.75
11/1/2013,1306.75
12/1/2013,1229.5
1/1/2014,1225
2/1/2014,1262
3/1/2014,1349.5
4/1/2014,1283.75
5/1/2014,1278.5
6/1/2014,1247.25
7/1/2014,1327.5
8/1/2014,1291.25
9/1/2014,1286.5
10/1/2014,1216.5
11/1/2014,1167.75
12/1/2014,1194
1/1/2015,1172
2/1/2015,1272.5
3/1/2015,1212.5
4/1/2015,1197
5/1/2015,1175.95
6/1/2015,1199.9
7/1/2015,1168
8/1/2015,1091.9
9/1/2015,1142.3
10/1/2015,1119
11/1/2015,1134
12/1/2015,1065.4
1/1/2016,1082.25
2/1/2016,1126.5
3/1/2016,1236.5
4/1/2016,1213.6
5/1/2016,1294
6/1/2016,1214.5
7/1/2016,1340
8/1/2016,1349.65
9/1/2016,1309.5
10/1/2016,1313.3
11/1/2016,1288.45
12/1/2016,1161.85
1/1/2017,1151
2/1/2017,1203.65
3/1/2017,1240.4
4/1/2017,1247.25
5/1/2017,1255.45
6/1/2017,1264.85
7/1/2017,1229.25
8/1/2017,1270.95
9/1/2017,1320.4
10/1/2017,1273.7
11/1/2017,1277.05
12/1/2017,1275.5
1/1/2018,1312.05
2/1/2018,1341.35
3/1/2018,1307.75
4/1/2018,1333.45
5/1/2018,1307.1
6/1/2018,1294.6
7/1/2018,1247.8
8/1/2018,1219
9/1/2018,1200.05
10/1/2018,1189.35
11/1/2018,1231.15
12/1/2018,1230.3
1/1/2019,1317.84
2/1/2019,1287.2
3/1/2019,1291.92
4/1/2019,1279.03
5/1/2019,1309.43
6/1/2019,1431.5
7/1/2019,1438.39
8/1/2019,1520.54
9/1/2019,1473.67
10/1/2019,1459
11/1/2019,1461.23
12/1/2019,1557.97
1/1/2020,1569.95
2/1/2020,1700.17
3/1/2020,1648.61
4/1/2020,1714.26
5/1/2020,1685.34
6/1/2020,1785.9
7/1/2020,2036.58
8/1/2020,1933.63
9/1/2020,1903.11
10/1/2020,1930.33
